"ID","Description","setSize","enrichmentScore","NES","pvalue","p.adjust","qvalue","rank","leading_edge","core_enrichment"
"HALLMARK_EPITHELIAL_MESENCHYMAL_TRANSITION","HALLMARK_EPITHELIAL_MESENCHYMAL_TRANSITION",200,0.683888090910321,3.46998190691568,1e-10,3.33333333333333e-10,6.31578947368421e-11,2904,"tags=62%, list=15%, signal=53%","LAMC2/MMP14/ITGA2/IGFBP3/FN1/POSTN/TPM4/NTM/LAMA3/CAPG/SDC1/ECM1/ITGB5/EDIL3/INHBA/CDH11/THBS2/CTHRC1/LOXL2/VCAN/TGM2/DKK1/SPOCK1/ENO2/MXRA5/COL12A1/FLNA/COL11A1/PMEPA1/LGALS1/PLAUR/GREM1/TGFBI/COL1A1/COL5A1/BMP1/COMP/COLGALT1/COL4A2/BGN/ACTA2/TIMP1/SERPINH1/PDGFRB/SPARC/PLOD3/TPM2/DPYSL3/CALU/COL1A2/COL6A3/COL5A2/CALD1/WNT5A/COL3A1/FAP/MMP1/TGFB1/NT5E/THY1/ITGAV/PLOD1/CD59/MATN3/LUM/P3H1/MMP2/SDC4/COL4A1/FAS/CDH2/LOX/ITGB1/LRP1/LOXL1/MYL9/FBN1/COPA/ITGA5/PRRX1/TNFRSF11B/MYLK/QSOX1/SNAI2/FSTL1/LRRC15/TNFRSF12A/NNMT/ITGB3/PDLIM4/ADAM12/EFEMP2/CXCL8/COL16A1/TAGLN/VEGFA/MMP3/PMP22/SAT1/PLOD2/MFAP5/TIMP3/EMP3/SGCB/CDH6/TPM1/SFRP4/WIPF1/PTHLH/GEM/LAMC1/NID2/DST/AREG/BASP1/FSTL3/SPP1/HTRA1/COL6A2/SGCD/COL7A1/PVR/TNC"
"HALLMARK_INTERFERON_ALPHA_RESPONSE","HALLMARK_INTERFERON_ALPHA_RESPONSE",95,0.755764329224039,3.41555554310024,1e-10,3.33333333333333e-10,6.31578947368421e-11,4025,"tags=77%, list=20%, signal=62%","IFI27/LY6E/LGALS3BP/OAS1/SAMD9/OASL/STAT2/DDX60/ADAR/RSAD2/B2M/IFI44L/EPSTI1/IRF9/SAMD9L/IFI44/BST2/IL4R/MX1/CASP8/IFI35/TRIM21/PARP14/TRIM14/PARP12/GBP4/RIPK2/TRAFD1/PSMB9/PARP9/IFIT3/IFI30/UBE2L6/IFITM3/IRF1/USP18/PSME2/GBP2/DHX58/NMI/IFITM1/CXCL10/IL7/IRF2/EIF2AK2/MOV10/IFIT2/CD74/HELZ2/IFITM2/RTP4/ISG15/CMPK2/PSMB8/CD47/HERC6/UBA7/C1S/IFIH1/SP110/PLSCR1/TMEM140/PSME1/WARS1/PSMA3/CASP1/ISG20/TDRD7/CCRL2/OGFR/NUB1/LAP3/LPAR6"
"HALLMARK_INTERFERON_GAMMA_RESPONSE","HALLMARK_INTERFERON_GAMMA_RESPONSE",195,0.634993437411911,3.20885063005224,1e-10,3.33333333333333e-10,6.31578947368421e-11,4931,"tags=67%, list=25%, signal=51%","IFI27/LY6E/LGALS3BP/XAF1/OAS3/PFKP/MVP/OAS2/OASL/PML/STAT2/ZNFX1/DDX60/ADAR/RSAD2/B2M/IFI44L/EPSTI1/IRF9/SAMD9L/IFI44/MX2/RNF213/BST2/IL4R/MX1/CASP8/IFI35/TRIM21/TNFAIP6/STAT1/PARP14/TRIM14/TNFAIP2/FAS/NOD1/PARP12/GBP4/RIPK2/TRAFD1/PSMB9/IFIT3/IFI30/UBE2L6/UPP1/PELI1/IFITM3/IRF1/HIF1A/USP18/PSME2/BPGM/DHX58/MYD88/NMI/APOL6/PTPN1/CXCL10/SRI/TAPBP/TOR1B/IL7/IRF2/EIF2AK2/ICAM1/RIGI/PNP/PLA2G4A/NUP93/IFIT2/NLRC5/CD74/HELZ2/IDO1/IFITM2/RTP4/TNFSF10/NCOA3/IFIT1/ISG15/CMPK2/PSMB8/C1R/CFB/HLA-DRB1/HERC6/CFH/VAMP8/C1S/STAT3/PSMB2/IFIH1/SP110/PLSCR1/IFNAR2/PSME1/CXCL9/WARS1/PSMA3/CASP1/PIM1/CD86/LCP2/ISG20/RBCK1/TDRD7/LATS2/TNFAIP3/OGFR/SSPN/ITGB7/ZBP1/IRF5/LAP3/HLA-DQA1/CD274/AUTS2/GBP6/NFKB1/JAK2/CIITA/IL15RA/PTPN6/CDKN1A/PSMA2/SECTM1/SLAMF7/PDE4B/TMT1B/FCGR1A/ARL4A"
"HALLMARK_G2M_CHECKPOINT","HALLMARK_G2M_CHECKPOINT",200,0.590266229860455,2.99495365557944,1e-10,3.33333333333333e-10,6.31578947368421e-11,4470,"tags=55%, list=22%, signal=43%","EFNA5/JPT1/RASAL2/TPX2/CENPF/PML/MKI67/TOP2A/CCNB2/STIL/RACGAP1/PLK1/CHMP1A/KNL1/BUB1/PRC1/SMC4/CCNA2/CKS2/TGFB1/KIF23/CDC6/CDK1/NEK2/KPNA2/MCM3/SQLE/SMAD3/NUSAP1/KIF11/CHEK1/CENPE/CDC25B/AURKA/BRCA2/CDKN3/KIF4A/KIF15/H2AZ1/STMN1/DR1/CDC45/EXO1/CDC20/PLK4/HIF1A/NDC80/TOP1/UBE2C/UBE2S/PBK/HMMR/KIF2C/CCND1/TTK/DTYMK/E2F3/MAD2L1/TACC3/H2BC12/CBX1/PTTG1/DDX39A/MAPK14/KIF20B/EZH2/PRMT5/MCM2/BUB3/SLC7A5/TFDP1/KIF5B/XPO1/ORC6/PRIM2/G3BP1/SLC12A2/RAD54L/BARD1/CKS1B/TLE3/POLQ/HMGA1/CENPA/MNAT1/NUP98/SMC2/E2F4/SNRPD1/ESPL1/AURKB/SLC38A1/NUMA1/GINS2/CDK4/HUS1/MCM6/TNPO2/NOTCH2/INCENP/CDC27/MCM5/ILF3/RAD21/UCK2/SUV39H1/LMNB1/BIRC5/CCNF/POLE"
"HALLMARK_APICAL_JUNCTION","HALLMARK_APICAL_JUNCTION",200,0.586893622450774,2.97784137237658,1e-10,3.33333333333333e-10,6.31578947368421e-11,3147,"tags=44%, list=16%, signal=37%","LAMB3/LAMC2/CDH3/ITGA2/ITGB4/ITGA3/COL17A1/LAMA3/CAP1/MPZL2/CDH11/JUP/ADAM9/VCAN/NECTIN4/PCDH1/MPZL1/ACTN1/CTNNA1/TGFBI/BMP1/CLDN18/ACTB/ACTG1/IRS1/ACTN4/VASP/LAYN/CLDN4/MYH9/SKAP2/CNN2/ARPC2/MSN/THY1/CD276/YWHAH/RASA1/B4GALT1/MMP2/RHOF/RRAS/LIMA1/VCL/MYL12B/FSCN1/AMIGO2/ITGB1/MYL9/FBN1/TNFRSF11B/ZYX/DLG1/MDK/CTNND1/PPP2R2C/SYMPK/GNAI2/PLCG1/MMP9/THBS3/ADAM15/NF1/BAIAP2/COL16A1/SRC/ICAM1/MAPK14/CDH6/INPPL1/SHC1/TJP1/RAC2/EGFR/CLDN11/CALB2/CERCAM/NECTIN2/CLDN7/DSC3/WASL/TAOK2/PFN1/NECTIN3/ACTG2/JAM3/FYB1"
"HALLMARK_MITOTIC_SPINDLE","HALLMARK_MITOTIC_SPINDLE",198,0.581385960870399,2.93823534951028,1e-10,3.33333333333333e-10,6.31578947368421e-11,5043,"tags=62%, list=25%, signal=47%","ANLN/ECT2/FLNB/NET1/RASAL2/PALLD/TPX2/CENPF/FGD6/FLNA/MYO1E/TOP2A/CCNB2/SEPTIN9/CAPZB/ACTN4/RACGAP1/EZR/MYH9/PLK1/TRIO/BUB1/CTTN/PRC1/SMC4/ARHGEF2/ABR/TUBA4A/DLGAP5/KIF23/CDK1/NEK2/STK38L/NUSAP1/RASA1/CKAP5/RHOF/VCL/KIF11/RASA2/FSCN1/RALBP1/CENPE/AURKA/BRCA2/ARAP3/CDC42BPA/KIF4A/KIF15/MYO9B/CYTH2/DLG1/BCAR1/PXN/NF1/SPTAN1/NDC80/DYNC1H1/KIF2C/KNTC1/TTK/CD2AP/PLEKHG2/SPTBN1/ROCK1/KIF20B/NCK1/ARL8A/ARHGEF11/RICTOR/ARF6/KIF5B/DST/ARFGEF1/HOOK3/WASL/TAOK2/PDLIM5/ARHGDIA/CEP72/GSN/BCL2L11/BCR/ESPL1/HDAC6/NUMA1/SASS6/CLIP2/CSNK1D/KIF3C/ITSN1/ARHGAP27/NEDD9/MID1/NOTCH2/INCENP/CDC27/TIAM1/CNTROB/SUN2/ARHGEF7/ARHGEF12/MAP1S/TLK1/TUBGCP2/NIN/LMNB1/CCDC88A/DOCK2/LLGL1/BIRC5/TBCD/EPB41L2/ABI1/CLIP1/SOS1/WASF2/RHOT2/KATNB1/CLASP1/DOCK4/RANBP9"
"HALLMARK_E2F_TARGETS","HALLMARK_E2F_TARGETS",199,0.558263178003705,2.83516000004506,1e-10,3.33333333333333e-10,6.31578947368421e-11,5459,"tags=62%, list=27%, signal=45%","JPT1/MKI67/TOP2A/CIT/UBE2T/CCNB2/RACGAP1/PLK1/SMC4/CKS2/DLGAP5/CDK1/KPNA2/MELK/MCM3/TUBB/CHEK1/CENPE/SPAG5/CDC25B/AURKA/BRCA2/CDKN3/TRIP13/KIF4A/H2AZ1/STMN1/MCM4/ASF1B/NCAPD2/CDC20/PLK4/GINS1/CDCA8/TBRG4/PAICS/DNMT1/UBE2S/HMMR/DIAPH3/KIF2C/ATAD2/RAD51AP1/MAD2L1/TACC3/PTTG1/DDX39A/SMC6/EZH2/CNOT9/MCM2/E2F8/XPO1/HMGB2/ORC6/PRIM2/NME1/CCNE1/BARD1/CKS1B/DEPDC1/DCLRE1B/SNRPB/RFC2/HMGA1/SLBP/DCTPP1/CCP110/POLD3/MCM7/HELLS/PCNA/ESPL1/WEE1/AURKB/TP53/TFRC/TK1/CDK4/POLE4/CDKN2A/CDCA3/BRCA1/HUS1/MCM6/RRM2/RNASEH2A/ANP32E/MCM5/ILF3/TCF19/GINS3/UNG/DONSON/RAD21/POLD1/DCK/SUV39H1/LMNB1/BIRC5/NUDT21/POLE/RAN/SPC25/CDKN1A/AK2/PDS5B/CSE1L/H2AX/PMS2/CENPM/ORC2/TUBG1/CDKN1B/TIMELESS/CTPS1/PA2G4/HMGB3/IPO7/CBX5/GINS4/PRKDC/NUP205"
"HALLMARK_GLYCOLYSIS","HALLMARK_GLYCOLYSIS",200,0.514787606430762,2.61198243391172,1e-10,3.33333333333333e-10,6.31578947368421e-11,4325,"tags=50%, list=22%, signal=40%","PKM/IGFBP3/PYGB/B3GNT3/ALDOA/LDHA/HK2/SDC1/PFKP/PGK1/MET/EGLN3/SLC16A3/GALE/VCAN/ERO1A/ENO2/TGFBI/COL5A1/AK4/CAPN5/IL13RA1/TGFA/P4HA1/TPI1/NT5E/KIF20A/CDK1/AGRN/PLOD1/ENO1/GPR87/PGM2/B4GALT1/PGAM1/NSDHL/AURKA/MIF/PSMC4/STMN1/GYS1/QSOX1/IDH1/KDELR3/TFF3/G6PD/ELF3/SRD5A3/BIK/DSC2/CHPF2/GNE/GFUS/TPBG/HMMR/GLRX/VEGFA/STC1/EXT1/PLOD2/TALDO1/PYGL/B4GALT4/EGFR/B3GAT3/SLC25A13/EFNA3/GLCE/TXN/MED24/DEPDC1/CHST6/CENPA/CHST1/PKP2/GOT2/ARPP19/GPC1/IER3/GNPDA1/ISG20/RBCK1/EXT2/BPNT1/POLR3K/KIF2A/PPFIA4/CHPF/SDC3/TPST1/ANKZF1/CXCR4/RPE/DDIT4/LHPP/PPIA/ZNF292/SDHC/PAXIP1/CACNA1H"
"HALLMARK_APOPTOSIS","HALLMARK_APOPTOSIS",160,0.512233664442215,2.51466028990624,1e-10,3.33333333333333e-10,6.31578947368421e-11,4076,"tags=52%, list=20%, signal=42%","LGALS3/F2R/LEF1/PLAT/BCL2L1/ENO2/GNA15/TOP2A/ERBB2/BGN/TIMP1/PDGFRB/CTNNB1/PSEN1/IL18/TIMP2/SLC20A1/CASP8/BCL10/PAK1/LUM/MMP2/FAS/CDK2/ANXA1/PMAIP1/CDC25B/ANKH/CASP2/IL1A/H1-0/IFITM3/TGFB2/IRF1/BNIP3L/TNFRSF12A/GPX1/BAX/BIK/SQSTM1/PEA15/SPTAN1/DDIT3/CCND1/APP/BIRC3/TSPO/SAT1/TIMP3/RELA/EBP/ROCK1/BID/EREG/TNFSF10/IFNGR1/RNASEL/HMGB2/MADD/DNM1L/GPX4/DIABLO/ERBB3/GSN/BCL2L11/HSPB1/CASP1/WEE1/IER3/PPP2R5B/PTK2/ISG20/FEZ1/SC5D/BRCA1/PPT1/GADD45A/NEDD9/CAV1/CD14/XIAP/PLCB2/KRT18/RETSAT"
"HALLMARK_TNFA_SIGNALING_VIA_NFKB","HALLMARK_TNFA_SIGNALING_VIA_NFKB",199,0.482040943860165,2.44806259173919,1e-10,3.33333333333333e-10,6.31578947368421e-11,3733,"tags=43%, list=19%, signal=35%","LAMB3/TRIP10/PLAU/INHBA/BHLHE40/PMEPA1/PLAUR/B4GALT5/MXD1/KYNU/TSC22D1/IL18/EFNA1/JAG1/SERPINB8/TNFAIP6/ZC3H12A/SMAD3/CCL20/OLR1/B4GALT1/SDC4/TNFAIP2/RIPK2/TGIF1/SERPINB2/IFNGR2/LIF/IL1A/RNF19B/IRF1/ABCA1/ETS2/SQSTM1/LITAF/CD80/TNIP2/CXCL10/PFKFB3/VEGFA/PHLDA1/CCND1/ICAM1/RIGI/BIRC3/F2RL1/SAT1/IFIT2/RELA/TNIP1/TANK/FOSL2/F3/PTPRE/NFE2L2/GEM/NFAT5/AREG/SPHK1/SPSB1/EHD1/CEBPB/HES1/SLC2A3/NFKB2/MSC/IFIH1/DRAM1/NFKBIE/PDLIM5/LDLR/RELB/HBEGF/TNC/PANX1/PLK2/GFPT2/TNFRSF9/IER3/PHLDA2/SERPINE1/EDN1/CCRL2/GADD45A/TNFAIP3"
"HALLMARK_MTORC1_SIGNALING","HALLMARK_MTORC1_SIGNALING",198,0.482232738822686,2.43713019450744,1e-10,3.33333333333333e-10,6.31578947368421e-11,4097,"tags=48%, list=21%, signal=39%","SLC2A1/GAPDH/ALDOA/LDHA/HK2/SLC6A6/PGK1/EGLN3/SYTL2/ERO1A/IGFBP5/BHLHE40/TES/AK4/SERPINH1/PLK1/RIT1/SKAP2/GPI/BUB1/PRDX1/P4HA1/CYB5B/TPI1/TUBA4A/DHFR/ENO1/ELOVL6/SQLE/ACTR3/PFKL/DAPP1/AURKA/CTSC/NMT1/PSMC4/M6PR/MCM4/IDH1/IFI30/CALR/G6PD/ATP2A2/DHCR24/STIP1/SLC1A5/SQSTM1/CD9/GLRX/STC1/DDIT3/ITGB2/PNP/DHCR7/PLOD2/EBP/DDX39A/SORD/MLLT11/TBK1/SLC7A11/MCM2/PDK1/SLC7A5/ACSL3/PSME3/FADS2/SLC2A3/LGMN/ACTR2/LDLR/SCD/UBE2D3/RRP9/TXNRD1/WARS1/ACACA/PSMA4/HMGCR/HMGCS1/PSMA3/STARD4/PSMC2/TFRC/ELOVL5/GLA/SC5D/RPN1/GSK3B/PSMD14/RRM2/NFKBIB/CXCR4/DDIT4/UNG/SRD5A1"
"HALLMARK_KRAS_SIGNALING_UP","HALLMARK_KRAS_SIGNALING_UP",200,0.4726744126592,2.39830416933594,1e-10,3.33333333333333e-10,6.31578947368421e-11,3907,"tags=40%, list=20%, signal=32%","TSPAN1/ITGA2/IGFBP3/ANO1/PLEK2/PLAU/MMP11/MALL/SLPI/KCNN4/PLAT/MPZL2/INHBA/JUP/ERO1A/ETV1/PTPRR/ANXA10/PLAUR/DCBLD2/ADAM8/PRDM1/IL2RG/AVL9/CCL20/TRIB2/USH1C/ANKH/PRRX1/TFPI/LIF/HKDC1/BPGM/DUSP6/MMP9/TMEM176A/LAPTM5/GPNMB/CXCL10/CBL/GLRX/ITGB2/BIRC3/F2RL1/STRN/WNT7A/SPON1/ADAM17/EREG/PDCD1LG2/ETV4/RGS16/ITGBL1/PSMB8/FCER1G/CFB/CFH/TOR1AIP2/TMEM176B/SPP1/CSF2RA/PIGR/CTSS/MMP10/HBEGF/GALNT3/GFPT2/ST6GAL1/MMD/LCP1/TNFAIP3/HSD11B1/EPHB2/PRELID3B/ETS1/AMMECR1/FUCA1/C3AR1/ADGRA2"
"HALLMARK_HYPOXIA","HALLMARK_HYPOXIA",199,0.471873968582311,2.3964292353493,1e-10,3.33333333333333e-10,6.31578947368421e-11,4061,"tags=43%, list=20%, signal=35%","SLC2A1/IGFBP3/ANXA2/GAPDH/ALDOA/LDHA/HK2/SLC6A6/PFKP/PGK1/ERO1A/TGM2/PLAC8/BHLHE40/ENO2/TES/HS3ST1/PLAUR/TGFBI/COL5A1/AK4/BGN/MYH9/HK1/EFNA1/GPI/CP/P4HA1/TPI1/AMPD3/ENO1/NDRG1/PFKL/ALDOC/PGM2/SDC4/KLF7/LOX/S100A4/MIF/LXN/GYS1/KDELR3/IDS/BNIP3L/CCNG2/PRKCA/HEXA/TPBG/CAVIN3/PFKFB3/GLRX/VEGFA/STC1/DDIT3/EXT1/CAVIN1/FOSL2/ADM/F3/TMEM45A/EGFR/PDK1/EFNA3/PRDX5/SLC2A3/ATP7A/TGFB3/GPC1/KDM3A/HOXB9/PGF/WSB1/IER3/PIM1/ISG20/SERPINE1/PPFIA4/TNFAIP3/SDC3/ETS1/ANKZF1/CAV1/NAGK/CXCR4/DDIT4"
"HALLMARK_INFLAMMATORY_RESPONSE","HALLMARK_INFLAMMATORY_RESPONSE",200,0.468880864364219,2.37905607286877,1e-10,3.33333333333333e-10,6.31578947368421e-11,3885,"tags=42%, list=19%, signal=35%","MMP14/LY6E/PCDH7/CD55/INHBA/MET/CD82/AHR/GNA15/PLAUR/MXD1/DCBLD2/IRAK2/TIMP1/AXL/PSEN1/IL18/BST2/IL4R/PDPN/HRH1/OSMR/TNFAIP6/CCL20/OLR1/RIPK2/TNFSF15/ITGB8/ITGA5/IFNGR2/LIF/IL1A/PTAFR/IRF1/HIF1A/ABCA1/NOD2/ATP2A2/NMI/ITGB3/IFITM1/P2RY2/SGMS2/CXCL8/TPBG/CXCL10/SRI/TAPBP/EIF2AK2/ICAM1/EMP3/RELA/EREG/ADM/MSR1/RTP4/F3/TNFSF10/PTPRE/RGS16/ROS1/SPHK1/RGS1/CLEC5A/LDLR/PVR/HBEGF/LYN/GPR132/CXCL9/CYBB/ATP2C1/TNFRSF9/KCNJ2/RHOG/LCP2/OSM/SERPINE1/EDN1/PTGIR/CCRL2/AQP9/MARCO/ADRM1/C3AR1"
"HALLMARK_COMPLEMENT","HALLMARK_COMPLEMENT",200,0.463488227807606,2.35169435750813,1e-10,3.33333333333333e-10,6.31578947368421e-11,4243,"tags=48%, list=21%, signal=38%","MMP14/FN1/LGALS3/CD55/PLAT/ADAM9/DGKH/CTSB/PLAUR/KYNU/COL4A2/TIMP1/PSEN1/TIMP2/PPP4C/CP/CDA/CTSD/OLR1/CD59/GPD2/PDP1/MMP12/LRP1/CTSC/PSMB9/SERPINB2/ZEB1/F5/IRF1/MMP13/GNAI2/DOCK9/DUSP6/SERPINA1/C4BPB/ANXA5/CTSV/ITGAM/CASP10/S100A13/SRC/IRF2/GRB2/PLA2G4A/CTSH/CDH13/CSRP1/GATA3/CBLB/ERAP2/PRKCD/F3/GNB4/DYRK2/C1R/FCER1G/USP14/CFB/PLA2G7/EHD1/CFH/CEBPB/CD46/C1S/LGMN/PLSCR1/CTSS/C1QC/ZFPM2/ATOX1/LYN/PFN1/GNB2/C1QA/CASP1/C2/PIM1/RHOG/LCP2/APOC1/SERPINE1/CTSL/KIF2A/TNFAIP3/STX4/APOBEC3G/HSPA1A/LAP3/DPP4/GMFB/RCE1/PDGFB/DUSP5/CALM1"
"HALLMARK_TGF_BETA_SIGNALING","HALLMARK_TGF_BETA_SIGNALING",54,0.649252498306486,2.62217323245038,4.97698271270769e-10,1.55530709772115e-09,2.94689765884008e-10,5052,"tags=72%, list=25%, signal=54%","RAB31/SMURF1/PMEPA1/ID1/ACVR1/CTNNB1/BMPR2/RHOA/SLC20A1/TGFB1/LTBP2/SMAD3/BCAR3/TGIF1/IFNGR2/SKIL/NCOR2/ID3/HDAC1/PPP1CA/TGFBR1/SPTBN1/SMURF2/TJP1/WWTR1/SMAD6/UBE2D3/THBS1/SERPINE1/CDH1/JUNB/XIAP/FKBP1A/SKI/PPP1R15A/ENG/MAP3K7/ID2/SMAD7"
"HALLMARK_P53_PATHWAY","HALLMARK_P53_PATHWAY",198,0.428940110479613,2.16779743622841,8.23852719058167e-10,2.42309623252402e-09,4.59112970372972e-10,4163,"tags=42%, list=21%, signal=34%","ITGB4/SFN/SERPINB5/S100A10/SDC1/F2R/VDR/KRT17/CD82/GPX2/EPHA2/RAP2B/MXD1/PERP/TAX1BP3/KIF13B/TSC22D1/TGFA/PTPN14/TGFB1/SP1/PLXNB2/TM4SF1/CTSD/NDRG1/ZNF365/FAS/TRAF4/S100A4/DGKA/BAK1/TRAFD1/LIF/ST14/IL1A/IFI30/RNF19B/CDKN2B/UPP1/SERTAD3/BAX/EPS8L2/BAIAP2/H1-2/DDIT3/PLK3/APP/ABCC5/SLC3A2/SAT1/CDH13/TP63/PTPRE/RGS16/SLC7A11/ABHD4/RB1/SPHK1/VAMP8/HEXIM1/DRAM1/GM2A/HBEGF/PLK2/ZMAT3/CCP110/BLCAP/CASP1/PCNA/TP53/IER3/RALGDS/CCNK/CDKN2A/TCN2/GADD45A/CCND3/FUCA1/CSRNP2/MDM2/DDIT4/RETSAT/DDB2/PHLDA3"
"HALLMARK_UV_RESPONSE_DN","HALLMARK_UV_RESPONSE_DN",143,0.456192662211331,2.19078334262694,1.89901197917725e-08,5.27503327549235e-08,9.99479989040656e-09,2363,"tags=30%, list=12%, signal=27%","ANXA2/PIAS3/MET/RUNX1/INPP4B/FHL2/IGFBP5/BHLHE40/MGLL/COL11A1/ERBB2/ID1/COL1A1/IRS1/PDGFRB/COL1A2/COL5A2/PPARG/LTBP1/COL3A1/ATP2B4/NEK7/SMAD3/SIPA1L1/ABCC1/RASA2/APBB2/CDC42BPA/ATXN1/TFPI/DLG1/SNAI2/SYNJ2/PRKCA/ITGB3/SRI/GCNT1/PMP22/MAPK14/F3/TJP1/RND3/LAMC1"
"HALLMARK_IL2_STAT5_SIGNALING","HALLMARK_IL2_STAT5_SIGNALING",199,0.40695250808738,2.06672321999301,2.3914552848089e-08,6.29330338107605e-08,1.19241537746704e-08,4206,"tags=39%, list=21%, signal=31%","PLEC/CAPG/HK2/ECM1/CDCP1/BCL2L1/TNFRSF21/TGM2/BHLHE40/AHR/MYO1E/SPRY4/MXD1/BMPR2/ADAM19/IKZF2/ST3GAL4/IL4R/P4HA1/NT5E/CDC6/ITGAV/NDRG1/GBP4/CTSZ/IRF6/LIF/AHNAK/HOPX/IFITM3/ITGA6/SLC1A5/IL2RA/F2RL2/SYT11/GSTO1/TWSG1/BATF/IL1R2/CXCL10/PHLDA1/MUC1/PNP/SNX9/ETV4/TNFSF10/NCOA3/SPRED2/RGS16/IFNGR1/NOP2/RNH1/COL6A1/SPP1/CCNE1/SLC2A3/GPX4/PLSCR1/PHTF2/NCS1/HYCC2/SYNGR2/TNFRSF9/PIM1/PRNP/CD86/IKZF4/PRAF2/TTC39B/CCND3/MYO1C/GLIPR2/TIAM1/CYFIP1/MAPKAPK2/PTGER2/UCK2"
"HALLMARK_COAGULATION","HALLMARK_COAGULATION",138,0.447618876137515,2.13566945766033,1.12760258752567e-07,2.81900646881418e-07,5.34127541459529e-08,3161,"tags=41%, list=16%, signal=34%","CTSE/MMP14/ITGA2/FN1/PLAU/MMP11/CAPN2/PLAT/RAC1/ADAM9/CTSB/BMP1/COMP/CAPN5/TIMP1/SPARC/WDR1/MMP1/CTSK/OLR1/MMP2/ANXA1/KLF7/LRP1/FBN1/SERPINB2/DUSP6/GNG12/MMP9/F2RL2/ITGB3/SERPINA1/CRIP2/CTSV/CD9/S100A13/MMP3/CTSH/MMP7/CSRP1/TIMP3/ARF4/F3/C1R/GDA/CFB/CFH/HTRA1/C1S/LGMN/MMP10/GNB2/GSN/THBS1/C1QA/PRSS23"
"HALLMARK_ALLOGRAFT_REJECTION","HALLMARK_ALLOGRAFT_REJECTION",194,0.393056689548274,1.98133816679978,6.05331125050519e-07,1.44126458345362e-06,2.73081710549106e-07,4572,"tags=38%, list=23%, signal=29%","CAPG/F2R/INHBA/FLNA/ELF4/TIMP1/B2M/IL18/IL4R/IL2RG/TGFB1/BCL10/TAP2/THY1/STAT1/FAS/RIPK2/IFNGR2/LIF/TGFB2/HIF1A/IKBKB/GBP2/IL2RA/MMP9/FCGR2B/CD80/TAPBP/IL7/ITGB2/ICAM1/GCNT1/TRAF2/UBE2D1/CCL13/CD74/NCK1/EREG/DARS1/EGFR/IFNGR1/CD47/NME1/IL16/DEGS1/CTSS/IFNAR2/LYN/CXCL9/WARS1/FYB1/EIF4G3/C2/TLR6/CD86/LCP2/CDKN2A/HLA-DMB/BRCA1/IGSF6/ETS1/CCND3/CD4/HLA-DRA/CCR1/HLA-DQA1/HDAC9/TLR2/GALNT1/ICOSLG/JAK2/SOCS5/PTPN6"
"HALLMARK_ESTROGEN_RESPONSE_LATE","HALLMARK_ESTROGEN_RESPONSE_LATE",199,0.378318783536571,1.92130580093798,9.44920359269926e-07,2.14754627106801e-06,4.06903503991834e-07,3969,"tags=38%, list=20%, signal=31%","LAMC2/KRT19/MYOF/TRIM29/SFN/FLNB/GALE/AGR2/RAB31/DLG5/TOP2A/NBL1/PERP/TFF1/STIL/KLK10/SLC16A1/TMPRSS3/ATP2B4/CDC6/KIF20A/SLC24A3/RAPGEFL1/NMU/ALDH3B1/TJP3/SCNN1A/EMP2/PTGES/ABHD2/GJB3/ST14/MDK/CDC20/NCOR2/TFF3/PLK4/PKP3/DYNLT3/CXCL14/OPN3/SERPINA1/BATF/GFUS/CD9/TPBG/CCND1/FDFT1/DHCR7/SORD/SLC7A5/AREG/MYB/PDLIM3/BLVRB/PLAAT3/ASS1/RBBP8/CLIC3/KRT13/FRK/PRSS23/EEIG1/LSR/ELOVL5/ISG20/GINS2/GLA/LLGL2/NAB2/CYP4F11/ITPK1/CDH1/CAV1/RNASEH2A/TIAM1"
"HALLMARK_ESTROGEN_RESPONSE_EARLY","HALLMARK_ESTROGEN_RESPONSE_EARLY",199,0.371847412655561,1.88844070685654,2.12260212535273e-06,4.61435244641897e-06,8.74298358268858e-07,3545,"tags=37%, list=18%, signal=31%","SLC2A1/KRT19/MYOF/MLPH/SFN/FLNB/SEC14L2/FHL2/TGM2/ZNF185/RAB31/BHLHE40/CELSR1/NBL1/TFF1/CANT1/LAD1/KLK10/SLC37A1/SLC16A1/TMPRSS3/SLC24A3/RAPGEFL1/B4GALT1/ALDH3B1/TJP3/PMAIP1/SCNN1A/PTGES/ABHD2/NADSYN1/TSKU/NCOR2/TFF3/SLC1A1/ELF3/DYNLT3/OPN3/P2RY2/TPBG/KRT15/MUC1/CCND1/FDFT1/INPP5F/ENDOD1/DHCR7/SNX24/KRT8/CALB2/SLC7A5/AREG/CLDN7/SVIL/MYB/HES1/ISG20L2/PDLIM3/MED24/BLVRB/PLAAT3/THSD4/RBBP8/CLIC3/KRT13/UGCG/FRK/PRSS23/AKAP1/EEIG1/MSMB/ELOVL5/GJA1/GLA"
"HALLMARK_IL6_JAK_STAT3_SIGNALING","HALLMARK_IL6_JAK_STAT3_SIGNALING",87,0.475133510463067,2.11599581834684,2.75541827755196e-06,5.74045474489992e-06,1.08766510955998e-06,2732,"tags=36%, list=14%, signal=31%","TNFRSF21/STAT2/IL13RA1/IRF9/IL4R/IL2RG/TGFB1/OSMR/STAT1/FAS/PDGFC/BAK1/IFNGR2/IRF1/TNFRSF12A/TNFRSF1A/MYD88/IL2RA/ITGB3/PTPN1/CD9/IL1R2/CXCL10/CBL/IL7/GRB2/IL10RB/IFNGR1/LTBR/CSF2RA/STAT3"
"HALLMARK_MYC_TARGETS_V1","HALLMARK_MYC_TARGETS_V1",199,0.36443446736818,1.85079379266016,5.06450645307751e-06,1.0129012906155e-05,1.91918139274516e-06,5289,"tags=46%, list=26%, signal=34%","LDHA/PGK1/CCNA2/PSMB3/KPNA2/EIF4G2/HDGF/CDK2/CSTF2/PSMD1/PSMC4/H2AZ1/MCM4/CDC45/CDC20/UBE2E1/TYMS/PSMD3/MAD2L1/SF3B3/UBE2L3/AIMP2/MCM2/BUB3/TFDP1/FAM120A/XPO1/CAD/PSMD8/NME1/G3BP1/RFC4/PSMB2/PSMD7/MRPL9/SNRPA/PSMA6/RRP9/ERH/PABPC1/GOT2/PSMA4/MCM7/SNRPD1/ILF2/PCNA/SNRPB2/PHB1/AP3S1/PTGES3/CDK4/EIF4A1/PRPF31/MCM6/SNRPG/PSMA1/PSMD14/SRPK1/HNRNPC/PPM1G/CCT5/YWHAQ/MCM5/VBP1/RUVBL2/CCT3/GLO1/PSMA7/PPIA/CBX3/SSB/RRM1/RAN/RNPS1/EIF4H/APEX1/PSMA2/KPNB1/LSM7/EXOSC7/SET/VDAC1/SNRPD2/PSMC6/CUL1/ORC2/PCBP1/CTPS1/PA2G4/VDAC3/CCT7"
"HALLMARK_DNA_REPAIR","HALLMARK_DNA_REPAIR",148,0.400401726254818,1.93084047954552,8.01291021816212e-06,1.54094427272349e-05,2.91968388516029e-06,4907,"tags=41%, list=25%, signal=31%","CANT1/ARL6IP1/CDA/BOLA2/RBX1/RALA/POLB/ITPA/POLR2H/DGUOK/CETN2/SDCBP/TYMS/RAD51/PNP/DDB1/GSDME/TSG101/DAD1/CMPK2/SUPT5H/NME1/RFC4/NPR2/ZWINT/GPX4/RFC2/ERCC3/VPS37B/TAF6/POLD4/GTF2H3/POLD3/TK2/POLR2K/PCNA/TP53/POLE4/NELFCD/STX3/SF3A3/GUK1/ADRM1/USP11/FEN1/DDB2/POLD1/GTF2A2/POLR2E/VPS28/POLR2G/POLR2A/POLR2C/NUDT21/GTF3C5/AK1/ERCC2/PDE4B/ELL/RRM2B/UPF3B"
"HALLMARK_PI3K_AKT_MTOR_SIGNALING","HALLMARK_PI3K_AKT_MTOR_SIGNALING",105,0.436243231007548,2.00116184034957,1.03579169201272e-05,1.91813276298652e-05,3.63435681407972e-06,4984,"tags=52%, list=25%, signal=40%","SLC2A1/SFN/RAC1/STAT2/RALB/CFL1/RIT1/YWHAB/IL2RG/CDK1/AP2M1/ACTR3/DAPP1/CDK2/NOD1/GRK2/CALR/TNFRSF1A/PLCG1/MYD88/PPP1CA/SQSTM1/DDIT3/GRB2/TRAF2/CAB39/NCK1/TBK1/ARF1/EGFR/RPS6KA1/PDK1/ADCY2/ACTR2/ARHGDIA/PFN1/UBE2D3/ACACA/CDK4/ARPC3/GSK3B/PRKAG1/RPTOR/TIAM1/NFKBIB/CXCR4/DUSP3/CLTC/ATF1/CDKN1A/SLA/CAMK4/PIN1/MAP3K7/MAP2K3"
"HALLMARK_PROTEIN_SECRETION","HALLMARK_PROTEIN_SECRETION",96,0.431787180221011,1.9562917612999,1.74672024323263e-05,3.11914329148683e-05,5.90995571018558e-06,5082,"tags=49%, list=25%, signal=37%","ADAM10/AP2B1/AP2M1/VAMP3/TSPAN8/CTSC/M6PR/ABCA1/CAV2/SNAP23/NAPG/TSG101/RAB5A/RAB22A/ARF1/ARFIP1/EGFR/DST/CLTA/ARFGEF1/RAB14/DNM1L/ATP7A/STX16/VPS45/STAM/AP1G1/GALC/AP3S1/GLA/PPT1/STX7/SSPN/ANP32E/VAMP7/KRT18/GBF1/CLTC/AP2S1/SEC24D/GOSR2/AP3B1/YKT6/VPS4B/RAB2A/IGF2R/SCAMP1"
"HALLMARK_NOTCH_SIGNALING","HALLMARK_NOTCH_SIGNALING",32,0.593994533831633,2.08597333513074,4.57284685084386e-05,7.88421870835148e-05,1.49385196579291e-05,3272,"tags=53%, list=16%, signal=44%","DTX4/WNT2/JAG1/WNT5A/TCF7L2/NOTCH3/RBX1/PPARD/PRKCA/DTX2/CCND1/MAML2/APH1A/HES1/FZD7/FZD1/PSENEN"
"HALLMARK_CHOLESTEROL_HOMEOSTASIS","HALLMARK_CHOLESTEROL_HOMEOSTASIS",74,0.451716189478625,1.95451692790627,5.92583616509676e-05,9.87639360849461e-05,1.87131668371477e-05,3615,"tags=42%, list=18%, signal=34%","S100A11/LGALS3/ANTXR2/PLAUR/ACTG1/CTNNB1/PPARG/GPX8/JAG1/CXCL16/MAL2/SQLE/ALDOC/NSDHL/ETHE1/TNFRSF12A/ANXA5/CD9/FDFT1/DHCR7/EBP/FADS2/LGMN/PLSCR1/LDLR/SCD/HMGCR/HMGCS1/STARD4/FDPS/SC5D"
"HALLMARK_PANCREAS_BETA_CELLS","HALLMARK_PANCREAS_BETA_CELLS",40,-0.517561699713264,-2.07241205700706,8.62751976750671e-05,0.000139153544637205,2.63659347733651e-05,5434,"tags=70%, list=27%, signal=51%","SEC11A/GCK/PAX4/ABCC8/NKX2-2/PCSK2/PDX1/DCX/ELP4/PKLR/NEUROD1/INSM1/INS/PAX6/SPCS1/SLC2A2/CHGA/SST/FOXA2/SRPRB/PCSK1/G6PC2/NKX6-1/LMO2/NEUROG3/SCGN/IAPP/PAK3"
"HALLMARK_KRAS_SIGNALING_DN","HALLMARK_KRAS_SIGNALING_DN",199,-0.30404920981908,-1.64813578637117,0.000116146250098764,0.000181478515779319,3.43854029897658e-05,2929,"tags=27%, list=15%, signal=23%","PTGFR/RGS11/MYH7/FSHB/CALCB/NR6A1/CNTFR/TSHB/PRKN/PROP1/SNCB/FGF22/CKM/GP1BA/WNT16/IGFBP2/ADRA2C/MAST3/KCNQ2/P2RY4/SERPINA10/SELENOP/FGGY/ZC2HC1C/ARPP21/PDK2/THRB/CPB1/YPEL1/DLK2/CPA2/ZBTB16/NUDT11/PCDHB1/COQ8A/GP2/CLPS/SLC38A3/SGK1/ATP4A/GAMT/NOS1/SLC16A7/CAMK1D/CPEB3/NPHS1/CYP39A1/ARHGDIG/EGF/RYR2/TENT5C/BTG2/C5"
"HALLMARK_ANGIOGENESIS","HALLMARK_ANGIOGENESIS",36,0.507014252864034,1.85114571393657,0.00091526918628316,0.00138677149436842,0.000262756704196123,1895,"tags=42%, list=9%, signal=38%","POSTN/TNFRSF21/VCAN/TIMP1/COL5A2/JAG1/COL3A1/ITGAV/OLR1/LUM/S100A4/FSTL1/VEGFA/STC1/APP"
"HALLMARK_SPERMATOGENESIS","HALLMARK_SPERMATOGENESIS",135,-0.306510471188994,-1.57703613990648,0.00103728741701902,0.00152542267208679,0.00028902745365855,4199,"tags=38%, list=21%, signal=30%","DPEP3/ACTL7B/YBX2/HOXB1/TSSK2/TNNI3/SCG5/SIRT1/SNAP91/CNIH2/ACRBP/STRBP/SPMAP2/PEBP1/HSPA4L/TCP11/DMC1/TEKT2/BRAF/CCT6B/TULP2/PDHA2/CFTR/ZC3H14/CST8/PRM2/CLVS1/POMC/OAZ3/HTR5A/ODF1/RAD17/DNAJB8/GPR182/NPY5R/ZC2HC1C/SCG3/ADCYAP1/CLGN/SYCP1/GSG1/DDX25/ADAD1/PHF7/PAPOLB/ART3/GFI1/PACRG/NOS1/ZPBP/IL12RB2"
"HALLMARK_APICAL_SURFACE","HALLMARK_APICAL_SURFACE",44,0.448013820827266,1.73389785413837,0.00276249202793802,0.00393883669261887,0.000746305899654102,3217,"tags=39%, list=16%, signal=32%","EFNA5/ADAM10/SULF2/PLAUR/DCBLD2/IL2RG/THY1/B4GALT1/EPHB4/APP/GATA3/NCOA6/LYPD3/FLOT2/LYN/HSPB1/AFAP1L2"
"HALLMARK_ANDROGEN_RESPONSE","HALLMARK_ANDROGEN_RESPONSE",101,0.345219600395675,1.57506568088197,0.00283596241868559,0.00393883669261887,0.000746305899654102,3828,"tags=36%, list=19%, signal=29%","KRT19/INPP4B/ACTN1/PMEPA1/MYL12A/TSC22D1/B2M/SPDEF/ITGAV/UBE2I/NDRG1/B4GALT1/HPGD/ANKH/ABHD2/H1-0/DHCR24/CDK6/CENPN/CCND1/SMS/SAT1/SORD/KRT8/STK39/ACSL3/HERC3/PDLIM5/SCD/TMEM50A/HMGCR/HMGCS1/ELOVL5/XRCC5/CCND3/ADRM1"
"HALLMARK_HEDGEHOG_SIGNALING","HALLMARK_HEDGEHOG_SIGNALING",36,0.467455178819384,1.70671267294927,0.00462940257103801,0.00625594942032163,0.00118533778490305,3666,"tags=47%, list=18%, signal=39%","NRP2/CELSR1/PML/MYH9/THY1/RASA1/ETS2/CDK6/NF1/VEGFA/SHH/ADGRG1/TLE3/DPYSL2/UNC5C/LDB1/GLI1"
"HALLMARK_BILE_ACID_METABOLISM","HALLMARK_BILE_ACID_METABOLISM",111,-0.294924085602647,-1.4643521108752,0.00894134544787128,0.0116956694556801,0.00221602158107623,3724,"tags=32%, list=19%, signal=27%","IDH2/SLC27A5/PIPOX/CYP7A1/HSD3B1/SLC27A2/LIPE/GC/HAO1/ALDH9A1/HSD17B4/KLF1/HACL1/ALDH8A1/NR0B2/CYP7B1/SLC23A1/ABCA8/RXRG/ABCA3/CAT/PEX11A/ISOC1/RBP1/PHYH/PEX7/ALDH1A1/SERPINA6/CYP46A1/PXMP2/NR3C2/ABCA5/GNMT/CYP39A1/MLYCD/EPHX2"
"HALLMARK_UV_RESPONSE_UP","HALLMARK_UV_RESPONSE_UP",157,0.298298517760562,1.45951474860942,0.00912262217543047,0.0116956694556801,0.00221602158107623,5467,"tags=40%, list=27%, signal=29%","MMP14/ALDOA/CLTB/ENO2/CYB5B/TUBA4A/HLA-F/ALAS1/SELENOW/CDK2/BAK1/AGO2/PPP1R2/CDKN2B/IRF1/STIP1/POLR2H/SQSTM1/C4BPB/MARK2/CTSV/ICAM1/CHRNA5/BID/PRKCD/DGAT1/CCNE1/RFC4/PDLIM3/PRPF3/TGFBRAP1/LYN/TMBIM6/NUP58/BCL2L11/BSG/TFRC/GRINA/RPN1/PPT1/ATP6V1F/CCND3/STARD3/FEN1/JUNB/EPCAM/NAT1/TST/AP2S1/DNAJB1/CNP/YKT6/HMOX1/CYB5R1/H2AX/ATP6V1C1/PSMC3/RHOB/CASP3/PDAP1/RASGRP1/STK25/RRAD"
"HALLMARK_REACTIVE_OXYGEN_SPECIES_PATHWAY","HALLMARK_REACTIVE_OXYGEN_SPECIES_PATHWAY",49,0.407258132579199,1.61028859773777,0.00989648245784871,0.0123706030723109,0.0023439037400168,4262,"tags=41%, list=21%, signal=32%","NQO1/PFKP/OXSR1/PRDX1/ABCC1/G6PD/FTL/SBNO2/GLRX/TXN/GPX4/ATOX1/SRXN1/TXNRD1/PRNP/NDUFS2/LAMTOR5/JUNB/HMOX2/NDUFB4"
"HALLMARK_MYOGENESIS","HALLMARK_MYOGENESIS",200,0.273174783734292,1.38606238298701,0.021731247755311,0.0265015216528184,0.00502134094474453,3961,"tags=28%, list=20%, signal=23%","ITGB4/NQO1/IGFBP3/PDLIM7/ITGB5/AEBP1/BHLHE40/KLF5/COL1A1/COL4A2/SPARC/TPM2/MYH9/RIT1/COL6A3/SPDEF/COL3A1/DENND2B/TGFB1/PLXNB2/AGRN/ITGB1/MYLK/SPTAN1/ADAM12/TAGLN/FABP3/APP/PTGIS/CDH13/IGFBP7/WWTR1/RB1/SPHK1/SVIL/PFKM/COL6A2/TNNI2/SGCD/PKIA/MEF2A/HBEGF/ERBB3/SCD/SYNGR2/GSN/FLII/SCHIP1/PRNP/FDPS/PPFIA4/SSPN/LPIN1/ATP6AP1/MYO1C/MAPRE3"
